{"cameraMode":{"drawMode":0,"name":"Shaded","section":"Shading Mode"},"sceneLighting":true,"audioPlay":false,"sceneViewState":{"showFog":false,"showMaterialUpdate":false,"showSkybox":false,"showFlares":false,"showImageEffects":false,"showParticleSystems":false},"in2DMode":false,"pivot":{"x":213.34634399414063,"y":658.5657348632813,"z":543.8248291015625},"rotation":{"x":0.025187142193317415,"y":0.005095561034977436,"z":0.00012833651271648705,"w":-0.9996697902679443},"size":937.690185546875,"orthographic":false}